Sample	OD
BTN-R1	0.5656
BTN-R2	0.548441
BTN-R3	0.89951
BTN-R4	0.54654
BTN-R5	0.1546
BTN-R6	0.135465
BTN-R7	0.0355445
BTN-R8	0.8491
BTN-R9	0.2563761
BTN-R10	0.204828343
BTN-R11	0.153280586
BTN-R12	0.101732829
BTN-R13	0.050185071
BTN-R14	-0.001362686
BTN-R15	-0.052910443
BTN-R16	-0.1044582
BTN-R17	-0.156005957
BTN-R18	-0.207553714
